symbol,exchange
A,NYSE
AA,NYSE
AABA,NASDAQ
AAL,NASDAQ
AAN,NYSE
AAP,NYSE
AAPL,NASDAQ
AAXJ,NASDAQ
AB,NYSE
ABB,NYSE
ABBV,NYSE
ABC,NYSE
ABCO,NASDAQ
ABEV,NYSE
ABM,NYSE
ABMD,NASDAQ
ABT,NYSE
ABX,NYSE
ABY,NASDAQ
ACAD,NASDAQ
ACC,NYSE
ACGL,NASDAQ
ACH,NYSE
ACHC,NASDAQ
ACIW,NASDAQ
ACM,NYSE
ACN,NYSE
ACWI,NASDAQ
ACWX,NASDAQ
ACXM,NASDAQ
ADBE,NASDAQ
ADI,NASDAQ
ADM,NYSE
ADNT,NYSE
ADP,NASDAQ
ADS,NYSE
ADSK,NASDAQ
ADSW,NYSE
AEE,NYSE
AEG,NYSE
AEIS,NASDAQ
AEL,NYSE
AEM,NYSE
AEO,NYSE
AEP,NYSE
AER,NYSE
AES,NYSE
AET,NYSE
AF,NYSE
AFG,NYSE
AFL,NYSE
AFSI,NASDAQ
AGCO,NYSE
AGI,NYSE
AGIO,NASDAQ
AGN,NYSE
AGNC,NASDAQ
AGNCB,NASDAQ
AGO,NYSE
AGR,NYSE
AGU,NYSE
AHL,NYSE
AIG,NYSE
AIT,NYSE
AIV,NYSE
AIZ,NYSE
AJG,NYSE
AKAM,NASDAQ
AKR,NYSE
AKRX,NASDAQ
AKS,NYSE
AL,NYSE
ALB,NYSE
ALE,NYSE
ALEX,NYSE
ALGN,NASDAQ
ALGT,NASDAQ
ALK,NYSE
ALKS,NASDAQ
ALL,NYSE
ALLE,NYSE
ALLY,NYSE
ALNY,NASDAQ
ALR,NYSE
ALSN,NYSE
ALV,NYSE
ALX,NYSE
ALXN,NASDAQ
AM,NYSE
AMAT,NASDAQ
AMC,NYSE
AMCX,NASDAQ
AMD,NASDAQ
AME,NYSE
AMED,NASDAQ
AMFW,NYSE
AMG,NYSE
AMGN,NASDAQ
AMGP,NYSE
AMH,NYSE
AMKR,NASDAQ
AMOV,NYSE
AMP,NYSE
AMT,NYSE
AMTD,NASDAQ
AMX,NYSE
AMZN,NASDAQ
AN,NYSE
ANAT,NASDAQ
ANET,NYSE
ANSS,NASDAQ
ANTM,NYSE
ANTX,NYSE
AON,NYSE
AOS,NYSE
APA,NYSE
APAM,NYSE
APC,NYSE
APD,NYSE
APH,NYSE
APLE,NYSE
APO,NYSE
APU,NYSE
AQN,NYSE
AR,NYSE
ARCC,NASDAQ
ARD,NYSE
ARE,NYSE
ARES,NYSE
ARI,NYSE
ARMK,NYSE
ARNC,NYSE
ARRS,NASDAQ
ARW,NYSE
ASB,NYSE
ASGN,NYSE
ASH,NYSE
ASML,NASDAQ
ASR,NYSE
ASX,NYSE
ATGE,NYSE
ATH,NYSE
ATHM,NYSE
ATHN,NASDAQ
ATO,NYSE
ATR,NYSE
ATUS,NYSE
ATVI,NASDAQ
AU,NYSE
AUO,NYSE
AUY,NYSE
AVA,NYSE
AVAL,NYSE
AVB,NYSE
AVGO,NASDAQ
AVT,NYSE
AVX,NYSE
AVXS,NASDAQ
AVY,NYSE
AWH,NYSE
AWI,NYSE
AWK,NYSE
AXE,NYSE
AXON,NYSE
AXP,NYSE
AXS,NYSE
AXTA,NYSE
AYA,NASDAQ
AYI,NYSE
AZN,NYSE
AZO,NYSE
AZPN,NASDAQ
AZUL,NYSE
B,NYSE
BA,NYSE
BABA,NYSE
BAC,NYSE
BAH,NYSE
BAK,NYSE
BAM,NYSE
BAP,NYSE
BAX,NYSE
BBBY,NASDAQ
BBD,NYSE
BBDO,NYSE
BBL,NYSE
BBRY,NASDAQ
BBT,NYSE
BBVA,NYSE
BBY,NYSE
BC,NYSE
BCE,NYSE
BCH,NYSE
BCO,NYSE
BCPC,NASDAQ
BCR,NYSE
BCS,NYSE
BDC,NYSE
BDN,NYSE
BDX,NYSE
BECN,NASDAQ
BEN,NYSE
BEP,NYSE
BERY,NYSE
BFAM,NYSE
BFR,NYSE
BG,NYSE
BGCP,NASDAQ
BGS,NYSE
BHI,NYSE
BHP,NYSE
BID,NYSE
BIDU,NASDAQ
BIG,NYSE
BIIB,NASDAQ
BIO,NYSE
BIP,NYSE
BITA,NYSE
BIVV,NASDAQ
BK,NYSE
BKD,NYSE
BKFS,NYSE
BKH,NYSE
BKU,NYSE
BLK,NYSE
BLKB,NASDAQ
BLL,NYSE
BLMN,NASDAQ
BLUE,NASDAQ
BMA,NYSE
BMO,NYSE
BMRN,NASDAQ
BMS,NYSE
BMY,NYSE
BNDX,NASDAQ
BNS,NYSE
BOH,NYSE
BOKF,NASDAQ
BOX,NYSE
BP,NYSE
BPL,NYSE
BPOP,NASDAQ
BPY,NYSE
BR,NYSE
BRCD,NASDAQ
BRFS,NYSE
BRKR,NASDAQ
BRO,NYSE
BRX,NYSE
BSAC,NYSE
BSBR,NYSE
BSM,NYSE
BSMX,NYSE
BSX,NYSE
BT,NYSE
BTG,AMEX
BTI,NYSE
BTU,NYSE
BUD,NYSE
BUFF,NASDAQ
BURL,NYSE
BVN,NYSE
BWA,NYSE
BWLD,NASDAQ
BWP,NYSE
BWXT,NYSE
BX,NYSE
BXMT,NYSE
BXP,NYSE
BXS,NYSE
BYD,NYSE
C,NYSE
CA,NASDAQ
CAA,NYSE
CAB,NYSE
CABO,NYSE
CACC,NASDAQ
CACI,NYSE
CACQ,NASDAQ
CAE,NYSE
CAG,NYSE
CAH,NYSE
CAJ,NYSE
CAKE,NASDAQ
CAR,NASDAQ
CASY,NASDAQ
CAT,NYSE
CATY,NASDAQ
CAVM,NASDAQ
CB,NYSE
CBD,NYSE
CBG,NYSE
CBI,NYSE
CBOE,NASDAQ
CBPO,NASDAQ
CBRL,NASDAQ
CBS,NYSE
CBSH,NASDAQ
CBSHP,NASDAQ
CBT,NYSE
CBU,NYSE
CC,NYSE
CCE,NYSE
CCI,NYSE
CCJ,NYSE
CCK,NYSE
CCL,NYSE
CCP,NYSE
CCU,NYSE
CDEV,NASDAQ
CDK,NASDAQ
CDNS,NASDAQ
CDW,NASDAQ
CE,NYSE
CEA,NYSE
CEF,AMEX
CELG,NASDAQ
CERN,NASDAQ
CF,NYSE
CFG,NYSE
CFR,NYSE
CFX,NYSE
CG,NASDAQ
CGNX,NASDAQ
CHA,NYSE
CHD,NYSE
CHDN,NASDAQ
CHE,NYSE
CHFC,NASDAQ
CHH,NYSE
CHK,NYSE
CHKP,NASDAQ
CHL,NYSE
CHRW,NASDAQ
CHT,NYSE
CHTR,NASDAQ
CHU,NYSE
CI,NYSE
CIB,NYSE
CIEN,NYSE
CIG,NYSE
CIGI,NASDAQ
CIM,NYSE
CINF,NASDAQ
CIT,NYSE
CJ,NYSE
CL,NYSE
CLB,NYSE
CLDR,NYSE
CLGX,NYSE
CLH,NYSE
CLI,NYSE
CLNS,NYSE
CLR,NYSE
CLVS,NASDAQ
CLX,NYSE
CM,NYSE
CMA,NYSE
CMC,NYSE
CMCSA,NASDAQ
CMD,NYSE
CME,NASDAQ
CMG,NYSE
CMI,NYSE
CMP,NYSE
CMPR,NASDAQ
CMS,NYSE
CNA,NYSE
CNC,NYSE
CNDT,NYSE
CNHI,NYSE
CNI,NYSE
CNK,NYSE
CNO,NYSE
CNP,NYSE
CNQ,NYSE
CNX,NYSE
COF,NYSE
COG,NYSE
COH,NYSE
COHR,NASDAQ
COKE,NASDAQ
COL,NYSE
COLB,NASDAQ
COLM,NASDAQ
COMM,NASDAQ
CONE,NASDAQ
COO,NYSE
COP,NYSE
COR,NYSE
COST,NASDAQ
COTV,NYSE
COTY,NYSE
CP,NYSE
CPA,NYSE
CPB,NYSE
CPE,NYSE
CPG,NYSE
CPL,NYSE
CPN,NYSE
CPRT,NASDAQ
CPT,NYSE
CQH,AMEX
CQP,AMEX
CR,NYSE
CREE,NASDAQ
CRH,NYSE
CRI,NYSE
CRL,NYSE
CRM,NYSE
CRTO,NASDAQ
CRUS,NASDAQ
CS,NYSE
CSA,NASDAQ
CSCO,NASDAQ
CSGP,NASDAQ
CSL,NYSE
CSOD,NASDAQ
CSRA,NYSE
CST,NYSE
CSX,NASDAQ
CTAS,NASDAQ
CTL,NYSE
CTLT,NYSE
CTRP,NASDAQ
CTSH,NASDAQ
CTX,NYSE
CTXS,NASDAQ
CUBE,NYSE
CUK,NYSE
CUZ,NYSE
CVBF,NASDAQ
CVE,NYSE
CVG,NYSE
CVLT,NASDAQ
CVS,NYSE
CVX,NYSE
CW,NYSE
CWH,NYSE
CX,NYSE
CXO,NYSE
CXP,NYSE
CXW,NYSE
CY,NASDAQ
CYOU,NASDAQ
D,NYSE
DAL,NYSE
DAN,NYSE
DAR,NYSE
DATA,NYSE
DB,NYSE
DCI,NYSE
DCM,NYSE
DCP,NYSE
DCT,NYSE
DCUC,NYSE
DD,NYSE
DDD,NYSE
DDR,NYSE
DE,NYSE
DECK,NYSE
DEI,NYSE
DEO,NYSE
DFS,NYSE
DFT,NYSE
DG,NYSE
DGI,NYSE
DGX,NYSE
DHI,NYSE
DHR,NYSE
DIS,NYSE
DISCA,NASDAQ
DISCB,NASDAQ
DISCK,NASDAQ
DISH,NASDAQ
DKS,NYSE
DLB,NYSE
DLPH,NYSE
DLR,NYSE
DLTR,NASDAQ
DLX,NYSE
DM,NYSE
DNB,NYSE
DNKN,NASDAQ
DNP,NYSE
DOC,NYSE
DOOR,NYSE
DORM,NASDAQ
DOV,NYSE
DOW,NYSE
DOX,NASDAQ
DPS,NYSE
DPZ,NYSE
DRE,NYSE
DRH,NYSE
DRI,NYSE
DSL,NYSE
DST,NYSE
DTE,NYSE
DUK,NYSE
DVA,NYSE
DVMT,NYSE
DVN,NYSE
DXC,NYSE
DXCM,NASDAQ
DY,NYSE
E,NYSE
EA,NASDAQ
EBAY,NASDAQ
EBR,NYSE
EC,NYSE
ECA,NYSE
ECL,NYSE
ED,NYSE
EDR,NYSE
EDU,NYSE
EE,NYSE
EEFT,NASDAQ
EEP,NYSE
EFII,NASDAQ
EFX,NYSE
EGBN,NASDAQ
EGN,NYSE
EGO,NYSE
EGP,NYSE
EIX,NYSE
EL,NYSE
ELLI,NYSE
ELP,NYSE
ELS,NYSE
EME,NYSE
EMN,NYSE
EMR,NYSE
ENB,NYSE
ENBL,NYSE
ENDP,NASDAQ
ENIA,NYSE
ENIC,NYSE
ENLC,NYSE
ENLK,NYSE
ENR,NYSE
ENS,NYSE
ENTG,NASDAQ
EOCC,NYSE
EOG,NYSE
EPAM,NYSE
EPC,NYSE
EPD,NYSE
EPR,NYSE
EQC,NYSE
EQGP,NYSE
EQIX,NASDAQ
EQM,NYSE
EQR,NYSE
EQT,NYSE
ERIC,NASDAQ
ERIE,NASDAQ
ERJ,NYSE
ES,NYSE
ESGR,NASDAQ
ESL,NYSE
ESLT,NASDAQ
ESNT,NYSE
ESRT,NYSE
ESRX,NASDAQ
ESS,NYSE
ETE,NYSE
ETFC,NASDAQ
ETN,NYSE
ETP,NYSE
ETR,NYSE
EV,NYSE
EVHC,NYSE
EVR,NYSE
EW,NYSE
EWBC,NASDAQ
EXAS,NASDAQ
EXC,NYSE
EXEL,NASDAQ
EXG,NYSE
EXP,NYSE
EXPD,NASDAQ
EXPE,NASDAQ
EXR,NYSE
F,NYSE
FAF,NYSE
FANG,NASDAQ
FAST,NASDAQ
FB,NASDAQ
FBHS,NYSE
FBR,NYSE
FCAU,NYSE
FCFS,NYSE
FCNCA,NASDAQ
FCX,NYSE
FDC,NYSE
FDP,NYSE
FDS,NYSE
FDX,NYSE
FE,NYSE
FEYE,NASDAQ
FFIN,NASDAQ
FFIV,NASDAQ
FGEN,NASDAQ
FHB,NASDAQ
FHN,NYSE
FIBK,NASDAQ
FICO,NYSE
FIG,NYSE
FII,NYSE
FIS,NYSE
FISV,NASDAQ
FITB,NASDAQ
FIVE,NASDAQ
FIZZ,NASDAQ
FL,NYSE
FLEX,NASDAQ
FLIR,NASDAQ
FLO,NYSE
FLR,NYSE
FLS,NYSE
FLT,NYSE
FMBI,NASDAQ
FMC,NYSE
FMS,NYSE
FMX,NYSE
FNB,NYSE
FND,NYSE
FNF,NYSE
FNFV,NYSE
FNGN,NASDAQ
FNSR,NASDAQ
FNV,NYSE
FOX,NASDAQ
FOXA,NASDAQ
FR,NYSE
FRC,NYSE
FRT,NYSE
FSIC,NYSE
FSLR,NASDAQ
FSV,NASDAQ
FTI,NYSE
FTNT,NASDAQ
FTS,NYSE
FTV,NYSE
FUL,NYSE
FULT,NASDAQ
FUN,NYSE
FV,NASDAQ
FWONK,NASDAQ
G,NYSE
GATX,NYSE
GBCI,NASDAQ
GCP,NYSE
GD,NYSE
GDDY,NYSE
GDI,NYSE
GE,NYSE
GEF,NYSE
GEL,NYSE
GEO,NYSE
GFI,NYSE
GG,NYSE
GGAL,NASDAQ
GGB,NYSE
GGG,NYSE
GGP,NYSE
GHC,NYSE
GIB,NYSE
GIL,NYSE
GILD,NASDAQ
GIS,NYSE
GLNG,NASDAQ
GLPG,NASDAQ
GLPI,NASDAQ
GLW,NYSE
GM,NYSE
GME,NYSE
GMED,NYSE
GNRC,NYSE
GNTX,NASDAQ
GOL,NYSE
GOLD,NASDAQ
GOOG,NASDAQ
GOOGL,NASDAQ
GPC,NYSE
GPK,NYSE
GPN,NYSE
GPOR,NASDAQ
GPS,NYSE
GPT,NYSE
GRA,NYSE
GRFS,NASDAQ
GRMN,NASDAQ
GRUB,NYSE
GS,NYSE
GSAT,AMEX
GSH,NYSE
GSK,NYSE
GT,NASDAQ
GWB,NYSE
GWPH,NASDAQ
GWR,NYSE
GWRE,NYSE
GWW,NYSE
GXP,NYSE
H,NYSE
HA,NASDAQ
HAE,NYSE
HAIN,NASDAQ
HAL,NYSE
HAS,NASDAQ
HAWK,NASDAQ
HBAN,NASDAQ
HBANO,NASDAQ
HBHC,NASDAQ
HBI,NYSE
HCA,NYSE
HCM,NASDAQ
HCN,NYSE
HCP,NYSE
HCSG,NASDAQ
HD,NYSE
HDB,NYSE
HDS,NASDAQ
HE,NYSE
HEI,NYSE
HELE,NASDAQ
HEP,NYSE
HES,NYSE
HFC,NYSE
HGV,NYSE
HHC,NYSE
HI,NYSE
HIG,NYSE
HII,NYSE
HIW,NYSE
HL,NYSE
HLF,NYSE
HLI,NYSE
HLS,NYSE
HLT,NYSE
HMC,NYSE
HNP,NYSE
HOG,NYSE
HOLX,NASDAQ
HOMB,NASDAQ
HON,NYSE
HOPE,NASDAQ
HP,NYSE
HPE,NYSE
HPP,NYSE
HPQ,NYSE
HPT,NASDAQ
HQY,NASDAQ
HR,NYSE
HRB,NYSE
HRC,NYSE
HRG,NYSE
HRL,NYSE
HRS,NYSE
HSBC,NYSE
HSIC,NASDAQ
HST,NYSE
HSY,NYSE
HTA,NYSE
HTH,NYSE
HTHT,NASDAQ
HUBB,NYSE
HUBS,NYSE
HUM,NYSE
HUN,NYSE
HXL,NYSE
IAC,NASDAQ
IAG,NYSE
IART,NASDAQ
IBA,NYSE
IBB,NASDAQ
IBKC,NASDAQ
IBKR,NASDAQ
IBM,NYSE
IBN,NYSE
IBOC,NASDAQ
ICE,NYSE
ICL,NYSE
ICLR,NASDAQ
ICPT,NASDAQ
ICUI,NASDAQ
IDA,NYSE
IDCC,NASDAQ
IDTI,NASDAQ
IDXX,NASDAQ
IEP,NASDAQ
IEX,NYSE
IFF,NYSE
IGT,NYSE
IHG,NYSE
IIVI,NASDAQ
ILG,NASDAQ
ILMN,NASDAQ
IMO,AMEX
INCR,NASDAQ
INCY,NASDAQ
INFO,NASDAQ
INFY,NYSE
ING,NYSE
INGR,NYSE
INT,NYSE
INTC,NASDAQ
INTU,NASDAQ
INVH,NYSE
INXN,NYSE
IONS,NASDAQ
IP,NYSE
IPG,NYSE
IPGP,NASDAQ
IR,NYSE
IRBT,NASDAQ
IRM,NYSE
IRWD,NASDAQ
ISBC,NASDAQ
ISRG,NASDAQ
IT,NYSE
ITCB,NYSE
ITRI,NASDAQ
ITT,NYSE
ITUB,NYSE
ITW,NYSE
IVZ,NYSE
IX,NYSE
IXUS,NASDAQ
JACK,NASDAQ
JAG,NYSE
JAZZ,NASDAQ
JBHT,NASDAQ
JBL,NYSE
JBLU,NASDAQ
JBT,NYSE
JCI,NYSE
JCOM,NASDAQ
JD,NASDAQ
JEC,NYSE
JELD,NYSE
JHX,NYSE
JJSF,NASDAQ
JKHY,NASDAQ
JLL,NYSE
JNJ,NYSE
JNPR,NYSE
JOBS,NASDAQ
JPM,NYSE
JPS,NYSE
JUNO,NASDAQ
JWN,NYSE
K,NYSE
KAR,NYSE
KATE,NYSE
KB,NYSE
KBR,NYSE
KEP,NYSE
KEX,NYSE
KEY,NYSE
KEYS,NYSE
KGC,NYSE
KHC,NASDAQ
KIM,NYSE
KITE,NASDAQ
KKR,NYSE
KLAC,NASDAQ
KLXI,NASDAQ
KMB,NYSE
KMI,NYSE
KMT,NYSE
KMX,NYSE
KNX,NYSE
KO,NYSE
KOF,NYSE
KORS,NYSE
KOS,NYSE
KR,NYSE
KRC,NYSE
KRO,NYSE
KSS,NYSE
KSU,NYSE
KT,NYSE
KW,NYSE
KYN,NYSE
KYO,NYSE
L,NYSE
LAD,NYSE
LAMR,NASDAQ
LANC,NASDAQ
LAUR,NASDAQ
LAZ,NYSE
LB,NYSE
LBRDA,NASDAQ
LBRDK,NASDAQ
LBTYA,NASDAQ
LBTYB,NASDAQ
LBTYK,NASDAQ
LC,NYSE
LCII,NYSE
LDOS,NYSE
LEA,NYSE
LECO,NASDAQ
LEG,NYSE
LEN,NYSE
LEXEA,NASDAQ
LEXEB,NASDAQ
LFC,NYSE
LFUS,NASDAQ
LGND,NASDAQ
LH,NYSE
LHO,NYSE
LII,NYSE
LILA,NASDAQ
LILAK,NASDAQ
LITE,NASDAQ
LIVN,NASDAQ
LKQ,NASDAQ
LLL,NYSE
LLY,NYSE
LM,NYSE
LMT,NYSE
LN,NYSE
LNC,NYSE
LNCE,NASDAQ
LNG,AMEX
LNT,NYSE
LOGI,NASDAQ
LOGM,NASDAQ
LOPE,NASDAQ
LOW,NYSE
LOXO,NASDAQ
LPI,NYSE
LPL,NYSE
LPLA,NASDAQ
LPNT,NASDAQ
LPT,NYSE
LPX,NYSE
LRCX,NASDAQ
LSI,NYSE
LSTR,NASDAQ
LSXMK,NASDAQ
LTC,NYSE
LTM,NYSE
LUK,NYSE
LULU,NASDAQ
LUV,NYSE
LVLT,NYSE
LVNTA,NASDAQ
LVNTB,NASDAQ
LVS,NYSE
LW,NYSE
LXFT,NYSE
LXP,NYSE
LYB,NYSE
LYG,NYSE
LYV,NYSE
M,NYSE
MA,NYSE
MAA,NYSE
MAC,NYSE
MAIN,NYSE
MAN,NYSE
MANH,NASDAQ
MANU,NYSE
MAR,NASDAQ
MAS,NYSE
MASI,NASDAQ
MAT,NASDAQ
MBFI,NASDAQ
MBLY,NYSE
MBT,NYSE
MCD,NYSE
MCHI,NASDAQ
MCHP,NASDAQ
MCK,NYSE
MCO,NYSE
MCY,NYSE
MD,NYSE
MDCO,NASDAQ
MDLZ,NASDAQ
MDP,NYSE
MDRX,NASDAQ
MDSO,NASDAQ
MDT,NYSE
MDU,NYSE
MELI,NASDAQ
MEOH,NASDAQ
MET,NYSE
MFA,NYSE
MFC,NYSE
MFG,NYSE
MGA,NYSE
MGEE,NASDAQ
MGM,NYSE
MHK,NYSE
MIC,NYSE
MIDD,NASDAQ
MIK,NASDAQ
MKC,NYSE
MKL,NYSE
MKSI,NASDAQ
MKTX,NASDAQ
MLCO,NASDAQ
MLM,NYSE
MLNX,NASDAQ
MMC,NYSE
MMM,NYSE
MMP,NYSE
MMS,NYSE
MNK,NYSE
MNST,NASDAQ
MO,NYSE
MOH,NYSE
MOMO,NASDAQ
MON,NYSE
MORN,NASDAQ
MOS,NYSE
MPC,NYSE
MPLX,NYSE
MPW,NYSE
MPWR,NASDAQ
MRK,NYSE
MRO,NYSE
MRVL,NASDAQ
MS,NYSE
MSA,NYSE
MSCC,NASDAQ
MSCI,NYSE
MSFT,NASDAQ
MSG,NYSE
MSI,NYSE
MSM,NYSE
MSTR,NASDAQ
MT,NYSE
MTB,NYSE
MTCH,NASDAQ
MTD,NYSE
MTDR,NYSE
MTG,NYSE
MTN,NYSE
MTSI,NASDAQ
MTU,NYSE
MTX,NYSE
MTZ,NYSE
MU,NASDAQ
MULE,NYSE
MUR,NYSE
MUSA,NYSE
MXIM,NASDAQ
MYL,NASDAQ
NAC,NYSE
NAD,NYSE
NATI,NASDAQ
NAV,NYSE
NAVI,NASDAQ
NBIX,NASDAQ
NBL,NYSE
NBR,NYSE
NCLH,NASDAQ
NCR,NYSE
NDAQ,NASDAQ
NDSN,NASDAQ
NEA,NYSE
NEE,NYSE
NEM,NYSE
NEOG,NASDAQ
NEP,NYSE
NEU,NYSE
NEWR,NYSE
NFG,NYSE
NFLX,NASDAQ
NFX,NYSE
NGG,NYSE
NGHC,NASDAQ
NGVT,NYSE
NHI,NYSE
NI,NYSE
NICE,NASDAQ
NJR,NYSE
NKE,NYSE
NKTR,NASDAQ
NLSN,NYSE
NLY,NYSE
NMR,NYSE
NNN,NYSE
NOC,NYSE
NOK,NYSE
NOMD,NYSE
NORD,NYSE
NOV,NYSE
NOW,NYSE
NRG,NYSE
NRZ,NYSE
NS,NYSE
NSC,NYSE
NTAP,NASDAQ
NTCT,NASDAQ
NTES,NASDAQ
NTL,NYSE
NTNX,NASDAQ
NTRS,NASDAQ
NUAN,NASDAQ
NUE,NYSE
NUS,NYSE
NUV,NYSE
NUVA,NASDAQ
NVDA,NASDAQ
NVG,NYSE
NVO,NYSE
NVR,NYSE
NVRO,NYSE
NVS,NYSE
NWE,NYSE
NWL,NYSE
NWS,NASDAQ
NWSA,NASDAQ
NXPI,NASDAQ
NXST,NASDAQ
NYCB,NYSE
NYLD,NYSE
NYT,NYSE
NZF,NYSE
O,NYSE
OA,NYSE
OAK,NYSE
OC,NYSE
ODFL,NASDAQ
ODP,NASDAQ
OFC,NYSE
OGE,NYSE
OGS,NYSE
OHI,NYSE
OI,NYSE
OII,NYSE
OKE,NYSE
OKS,NYSE
OKTA,NASDAQ
OLED,NASDAQ
OLLI,NASDAQ
OLN,NYSE
OMAB,NASDAQ
OMC,NYSE
OMF,NYSE
ON,NASDAQ
ONB,NASDAQ
OPK,NASDAQ
ORA,NYSE
ORAN,NYSE
ORCL,NYSE
ORI,NYSE
ORLY,NASDAQ
OSB,NYSE
OSK,NYSE
OTEX,NASDAQ
OUT,NYSE
OXY,NYSE
OZRK,NASDAQ
P,NYSE
PAA,NYSE
PAAS,NASDAQ
PAC,NYSE
PACW,NASDAQ
PAG,NYSE
PAGP,NYSE
PAH,NYSE
PAM,NYSE
PANW,NYSE
PAYC,NYSE
PAYX,NASDAQ
PB,NYSE
PBA,NYSE
PBCT,NASDAQ
PBF,NYSE
PBH,NYSE
PBI,NYSE
PBR,NYSE
PBYI,NASDAQ
PCAR,NASDAQ
PCG,NYSE
PCI,NYSE
PCLN,NASDAQ
PCTY,NASDAQ
PDCE,NASDAQ
PDCO,NASDAQ
PDM,NYSE
PE,NYSE
PEB,NYSE
PEG,NYSE
PEGA,NASDAQ
PEGI,NASDAQ
PEN,NYSE
PEP,NYSE
PF,NYSE
PFE,NYSE
PFG,NYSE
PFGC,NYSE
PFPT,NASDAQ
PG,NYSE
PGR,NYSE
PGRE,NYSE
PH,NYSE
PHG,NYSE
PHI,NYSE
PHM,NYSE
PII,NYSE
PK,NYSE
PKG,NYSE
PKI,NYSE
PKX,NYSE
PLAY,NASDAQ
PLD,NYSE
PLNT,NYSE
PM,NYSE
PNC,NYSE
PNFP,NASDAQ
PNM,NYSE
PNR,NYSE
PNRA,NASDAQ
PNW,NYSE
PODD,NASDAQ
POL,NYSE
POOL,NASDAQ
POR,NYSE
POST,NYSE
POT,NYSE
POWI,NASDAQ
PPC,NASDAQ
PPG,NYSE
PPL,NYSE
PRA,NYSE
PRAH,NASDAQ
PRGO,NYSE
PRI,NYSE
PRTA,NASDAQ
PRU,NYSE
PRXL,NASDAQ
PSA,NYSE
PSB,NYSE
PSEC,NASDAQ
PSMT,NASDAQ
PSO,NYSE
PSTG,NYSE
PSX,NYSE
PSXP,NYSE
PTC,NASDAQ
PTEN,NASDAQ
PTHN,NYSE
PTLA,NASDAQ
PTR,NYSE
PUK,NYSE
PVH,NYSE
PWR,NYSE
PX,NYSE
PXD,NYSE
PYPL,NASDAQ
PZE,NYSE
PZZA,NASDAQ
Q,NYSE
QCOM,NASDAQ
QEP,NYSE
QGEN,NASDAQ
QQQ,NASDAQ
QRVO,NASDAQ
QSR,NYSE
QTEC,NASDAQ
QTS,NYSE
QVCA,NASDAQ
QVCB,NASDAQ
R,NYSE
RACE,NYSE
RAD,NYSE
RAI,NYSE
RARE,NASDAQ
RBA,NYSE
RBC,NYSE
RBS,NYSE
RCI,NYSE
RCL,NYSE
RDN,NYSE
RDY,NYSE
RE,NYSE
REG,NYSE
REGN,NASDAQ
RELX,NYSE
RENX,NYSE
RES,NYSE
RF,NYSE
RGA,NYSE
RGC,NYSE
RGLD,NASDAQ
RH,NYSE
RHI,NYSE
RHP,NYSE
RHT,NYSE
RICE,NYSE
RIG,NYSE
RIO,NYSE
RJF,NYSE
RL,NYSE
RLGY,NYSE
RLI,NYSE
RLJ,NYSE
RMD,NYSE
RNG,NYSE
RNR,NYSE
ROIC,NASDAQ
ROK,NYSE
ROL,NYSE
ROLL,NASDAQ
ROP,NYSE
ROST,NASDAQ
RP,NASDAQ
RPAI,NYSE
RPM,NYSE
RRC,NYSE
RRR,NASDAQ
RS,NYSE
RSG,NYSE
RSPP,NYSE
RTN,NYSE
RXN,NYSE
RY,NYSE
RYAAY,NASDAQ
RYN,NYSE
S,NYSE
SABR,NASDAQ
SAFM,NASDAQ
SAGE,NASDAQ
SAIC,NYSE
SAN,NYSE
SANM,NASDAQ
SAP,NYSE
SATS,NASDAQ
SAVE,NASDAQ
SBAC,NASDAQ
SBGI,NASDAQ
SBGL,NYSE
SBH,NYSE
SBNY,NASDAQ
SBS,NYSE
SBUX,NASDAQ
SC,NYSE
SCCO,NYSE
SCG,NYSE
SCHW,NYSE
SCI,NYSE
SCZ,NASDAQ
SEB,AMEX
SEE,NYSE
SEIC,NASDAQ
SEM,NYSE
SEP,NYSE
SERV,NYSE
SF,NYSE
SFM,NASDAQ
SFR,NYSE
SGEN,NASDAQ
SGMS,NASDAQ
SHG,NYSE
SHI,NYSE
SHLX,NYSE
SHO,NYSE
SHOO,NASDAQ
SHOP,NYSE
SHPG,NASDAQ
SHW,NYSE
SID,NYSE
SIG,NYSE
SIGI,NASDAQ
SINA,NASDAQ
SIR,NASDAQ
SIRI,NASDAQ
SITE,NYSE
SIVB,NASDAQ
SIX,NYSE
SJI,NYSE
SJM,NYSE
SJR,NYSE
SKM,NYSE
SKT,NYSE
SKX,NYSE
SLAB,NASDAQ
SLB,NYSE
SLCA,NYSE
SLF,NYSE
SLG,NYSE
SLGN,NASDAQ
SLM,NASDAQ
SMFG,NYSE
SMG,NYSE
SMI,NYSE
SMTC,NASDAQ
SNA,NYSE
SNAP,NYSE
SNDR,NYSE
SNE,NYSE
SNH,NASDAQ
SNI,NASDAQ
SNN,NYSE
SNP,NYSE
SNPS,NASDAQ
SNV,NYSE
SNX,NYSE
SNY,NYSE
SO,NYSE
SON,NYSE
SPB,NYSE
SPG,NYSE
SPGI,NYSE
SPIL,NASDAQ
SPLK,NASDAQ
SPLS,NASDAQ
SPR,NYSE
SQ,NYSE
SQM,NYSE
SR,NYSE
SRC,NYSE
SRCL,NASDAQ
SRE,NYSE
SRG,NYSE
SSB,NASDAQ
SSD,NYSE
SSL,NYSE
SSNC,NASDAQ
ST,NYSE
STAG,NYSE
STAY,NYSE
STE,NYSE
STI,NYSE
STL,NYSE
STLD,NASDAQ
STM,NYSE
STMP,NASDAQ
STN,NYSE
STO,NYSE
STOR,NYSE
STRP,AMEX
STT,NYSE
STWD,NYSE
STX,NASDAQ
STZ,NYSE
SU,NYSE
SUI,NYSE
SUM,NYSE
SUN,NYSE
SUPN,NASDAQ
SWFT,NYSE
SWK,NYSE
SWKS,NASDAQ
SWN,NYSE
SWX,NYSE
SXT,NYSE
SYF,NYSE
SYK,NYSE
SYMC,NASDAQ
SYT,NYSE
SYY,NYSE
T,NYSE
TAHO,NYSE
TAL,NYSE
TAP,NYSE
TARO,NYSE
TBPH,NASDAQ
TCBI,NASDAQ
TCF,NYSE
TCO,NYSE
TCP,NYSE
TD,NYSE
TDC,NYSE
TDG,NYSE
TDS,NYSE
TDY,NYSE
TEAM,NASDAQ
TECD,NASDAQ
TECH,NASDAQ
TECK,NYSE
TEF,NYSE
TEGP,NYSE
TEL,NYSE
TEN,NYSE
TEO,NYSE
TEP,NYSE
TER,NYSE
TEVA,NYSE
TEX,NYSE
TFSL,NASDAQ
TFX,NYSE
TGNA,NYSE
TGS,NYSE
TGT,NYSE
THG,NYSE
THO,NYSE
THS,NYSE
TI,NYSE
TIF,NYSE
TIG,NASDAQ
TIVO,NASDAQ
TJX,NYSE
TKC,NYSE
TKR,NYSE
TLK,NYSE
TLLP,NYSE
TLT,NASDAQ
TM,NYSE
TMHC,NYSE
TMK,NYSE
TMO,NYSE
TMUS,NASDAQ
TNET,NYSE
TOL,NYSE
TOT,NYSE
TPH,NYSE
TPL,NYSE
TPX,NYSE
TRCO,NYSE
TREE,NASDAQ
TRGP,NYSE
TRI,NYSE
TRIP,NASDAQ
TRMB,NASDAQ
TRMK,NASDAQ
TRN,NYSE
TROW,NASDAQ
TRP,NYSE
TRQ,NYSE
TRU,NYSE
TRV,NYSE
TRVG,NASDAQ
TS,NYSE
TSCO,NASDAQ
TSE,NYSE
TSEM,NASDAQ
TSLA,NASDAQ
TSM,NYSE
TSN,NYSE
TSO,NYSE
TSRO,NASDAQ
TSS,NYSE
TSU,NYSE
TTC,NYSE
TTD,NASDAQ
TTEK,NASDAQ
TTM,NYSE
TTWO,NASDAQ
TU,NYSE
TUP,NYSE
TV,NYSE
TWLO,NYSE
TWNK,NASDAQ
TWO,NYSE
TWOU,NASDAQ
TWTR,NYSE
TWX,NYSE
TX,NYSE
TXN,NASDAQ
TXRH,NASDAQ
TXT,NYSE
TYL,NYSE
UA,NYSE
UAA,NYSE
UAL,NYSE
UBNT,NASDAQ
UBS,NYSE
UBSI,NASDAQ
UDR,NYSE
UE,NYSE
UFS,NYSE
UGI,NYSE
UGP,NYSE
UHAL,NASDAQ
UHS,NYSE
UL,NYSE
ULTA,NASDAQ
ULTI,NASDAQ
UMBF,NASDAQ
UMC,NYSE
UMPQ,NASDAQ
UN,NYSE
UNF,NYSE
UNH,NYSE
UNIT,NASDAQ
UNM,NYSE
UNP,NYSE
UNVR,NYSE
UPL,NASDAQ
UPS,NYSE
URBN,NASDAQ
URI,NYSE
USB,NYSE
USFD,NYSE
USG,NYSE
USM,NYSE
UTHR,NASDAQ
UTX,NYSE
V,NYSE
VAC,NYSE
VALE,NYSE
VAR,NYSE
VC,NYSE
VCIT,NASDAQ
VCSH,NASDAQ
VEDL,NYSE
VEEV,NYSE
VEON,NASDAQ
VER,NYSE
VET,NYSE
VFC,NYSE
VGR,NYSE
VIA,NASDAQ
VIAB,NASDAQ
VIAV,NASDAQ
VIPS,NYSE
VIRT,NASDAQ
VIV,NYSE
VLO,NYSE
VLP,NYSE
VLY,NYSE
VMBS,NASDAQ
VMC,NYSE
VMI,NYSE
VMW,NYSE
VNO,NYSE
VNQI,NASDAQ
VNTV,NYSE
VOD,NASDAQ
VOYA,NYSE
VR,NYSE
VRNT,NASDAQ
VRSK,NASDAQ
VRSN,NASDAQ
VRTX,NASDAQ
VRX,NYSE
VSAT,NASDAQ
VSH,NYSE
VSM,NYSE
VST,NYSE
VTIP,NASDAQ
VTR,NYSE
VVC,NYSE
VVV,NYSE
VWR,NASDAQ
VXUS,NASDAQ
VZ,NYSE
W,NYSE
WAB,NYSE
WAFD,NASDAQ
WAGE,NYSE
WAL,NYSE
WAT,NYSE
WB,NASDAQ
WBA,NASDAQ
WBC,NYSE
WBK,NYSE
WBMD,NASDAQ
WBS,NYSE
WBT,NYSE
WCC,NYSE
WCG,NYSE
WCN,NYSE
WDAY,NYSE
WDC,NASDAQ
WEC,NYSE
WEN,NASDAQ
WERN,NASDAQ
WES,NYSE
WEX,NYSE
WF,NYSE
WFC,NYSE
WFM,NASDAQ
WFT,NYSE
WGL,NYSE
WGP,NYSE
WHR,NYSE
WINS,NASDAQ
WIT,NYSE
WIX,NASDAQ
WLK,NYSE
WLTW,NASDAQ
WM,NYSE
WMB,NYSE
WMGI,NASDAQ
WMT,NYSE
WOOF,NASDAQ
WOR,NYSE
WPC,NYSE
WPM,NYSE
WPPGY,NASDAQ
WPX,NYSE
WPZ,NYSE
WR,NYSE
WRB,NYSE
WRE,NYSE
WRI,NYSE
WRK,NYSE
WSM,NYSE
WSO,NYSE
WST,NYSE
WTFC,NASDAQ
WTM,NYSE
WTR,NYSE
WTS,NYSE
WTW,NYSE
WU,NYSE
WUBA,NYSE
WWD,NASDAQ
WWW,NYSE
WY,NYSE
WYN,NYSE
WYNN,NASDAQ
X,NYSE
XEC,NYSE
XEL,NYSE
XHR,NYSE
XL,NYSE
XLNX,NASDAQ
XOG,NASDAQ
XOM,NYSE
XON,NYSE
XPO,NYSE
XRAY,NASDAQ
XYL,NYSE
Y,NYSE
YELP,NYSE
YERR,NASDAQ
YNDX,NASDAQ
YPF,NYSE
YUM,NYSE
YUMC,NYSE
YY,NASDAQ
Z,NASDAQ
ZAYO,NYSE
ZBH,NYSE
ZBRA,NASDAQ
ZEN,NYSE
ZG,NASDAQ
ZION,NASDAQ
ZNGA,NASDAQ
ZNH,NYSE
ZTO,NYSE
ZTS,NYSE
